{
  "xs-app.json": 1753041755066,
  "test/integration/opaTests.qunit.js": 1753041099221,
  "test/integration/pages/RisksList.js": 1753041099221,
  "test/integration/pages/RisksObjectPage.js": 1753041099221,
  "test/integration/FirstJourney.js": 1753041099221,
  "test/testsuite.qunit.js": 1753041099221,
  "i18n/i18n.properties": 1753041099221,
  "manifest.json": 1753041755070,
  "Component.js": 1753041099221,
  "test/integration/pages/RisksList-dbg.js": 1753041099221,
  "test/integration/pages/RisksList.js.map": 1753041763249,
  "test/integration/opaTests.qunit-dbg.js": 1753041099221,
  "test/integration/opaTests.qunit.js.map": 1753041763245,
  "test/integration/pages/RisksObjectPage-dbg.js": 1753041099221,
  "test/integration/pages/RisksObjectPage.js.map": 1753041763245,
  "test/integration/FirstJourney-dbg.js": 1753041099221,
  "test/integration/FirstJourney.js.map": 1753041763245,
  "test/testsuite.qunit-dbg.js": 1753041099221,
  "test/testsuite.qunit.js.map": 1753041763248,
  "Component-dbg.js": 1753041099221,
  "Component.js.map": 1753041763247,
  "Component-preload.js": 1753041763331,
  "Component-preload.js.map": 1753041763332,
  "test/integration/opaTests.qunit.html": 1753041099221,
  "test/testsuite.qunit.html": 1753041099221,
  "test/flpSandbox.html": 1753041099221,
  "index.html": 1753041099221
}